OriginIndex,Horizon,Reference,Baseline,LossDifferential
0,1,PGF-Net,DLinear,10.90877153595488
0,2,PGF-Net,DLinear,3.467562923034435
0,3,PGF-Net,DLinear,3.3933324790676114
0,4,PGF-Net,DLinear,5.6660149643592925
0,5,PGF-Net,DLinear,-3.970407696607068
0,6,PGF-Net,DLinear,11.184232592915624
0,7,PGF-Net,DLinear,-0.27320494463587164
0,8,PGF-Net,DLinear,9.197616207216102
0,9,PGF-Net,DLinear,9.4116216537161
0,10,PGF-Net,DLinear,-0.03382421990316975
0,11,PGF-Net,DLinear,-0.7878625736609093
0,12,PGF-Net,DLinear,8.290295471729856
0,13,PGF-Net,DLinear,0.9281259960166208
0,14,PGF-Net,DLinear,0.4318216541107747
0,15,PGF-Net,DLinear,1.335238278624798
0,16,PGF-Net,DLinear,0.3838427935316
0,17,PGF-Net,DLinear,-0.53414047497698
0,18,PGF-Net,DLinear,0.2795393118538875
0,19,PGF-Net,DLinear,5.390344596664298
0,20,PGF-Net,DLinear,-0.7588597229207787
0,21,PGF-Net,DLinear,12.890082358347424
0,22,PGF-Net,DLinear,-0.00219519292254
0,23,PGF-Net,DLinear,0.45300566588469104
0,24,PGF-Net,DLinear,6.067604486435142
1,1,PGF-Net,DLinear,4.5456559898162165
1,2,PGF-Net,DLinear,-0.04889480226838191
1,3,PGF-Net,DLinear,0.1581037629219399
1,4,PGF-Net,DLinear,2.0585118980616857
1,5,PGF-Net,DLinear,0.5005890212051196
1,6,PGF-Net,DLinear,12.014706519191865
1,7,PGF-Net,DLinear,1.184914200304487
1,8,PGF-Net,DLinear,3.7591507705296436
1,9,PGF-Net,DLinear,1.9272197336226586
1,10,PGF-Net,DLinear,-1.2472169349730142
1,11,PGF-Net,DLinear,-0.6066440603490721
1,12,PGF-Net,DLinear,2.0070145281267506
1,13,PGF-Net,DLinear,-0.16894947938615953
1,14,PGF-Net,DLinear,0.21990308510984063
1,15,PGF-Net,DLinear,-0.974792501316435
1,16,PGF-Net,DLinear,-0.608359450300098
1,17,PGF-Net,DLinear,1.7699929113380146
1,18,PGF-Net,DLinear,-0.014313606232605094
1,19,PGF-Net,DLinear,4.5669558698578205
1,20,PGF-Net,DLinear,-6.418535601234141
1,21,PGF-Net,DLinear,16.41570066534819
1,22,PGF-Net,DLinear,-3.275772307274211
1,23,PGF-Net,DLinear,5.062271824683836
1,24,PGF-Net,DLinear,12.600310764414004
2,1,PGF-Net,DLinear,0.9120149902250013
2,2,PGF-Net,DLinear,1.312789538769682
2,3,PGF-Net,DLinear,1.6143942922055494
2,4,PGF-Net,DLinear,1.2882381647353638
2,5,PGF-Net,DLinear,-0.9347039212352146
2,6,PGF-Net,DLinear,0.818080219090813
2,7,PGF-Net,DLinear,0.26857673103796076
2,8,PGF-Net,DLinear,0.3725286058491604
2,9,PGF-Net,DLinear,0.0004493969608951043
2,10,PGF-Net,DLinear,-0.060361107083448384
2,11,PGF-Net,DLinear,-0.1652688182960521
2,12,PGF-Net,DLinear,-0.0819016625453534
2,13,PGF-Net,DLinear,-0.0626158837781286
2,14,PGF-Net,DLinear,0.035577199088073296
2,15,PGF-Net,DLinear,0.15465979064962881
2,16,PGF-Net,DLinear,-0.47692183413311817
2,17,PGF-Net,DLinear,-0.967233046719744
2,18,PGF-Net,DLinear,1.2370308347266765
2,19,PGF-Net,DLinear,0.3192591344957525
2,20,PGF-Net,DLinear,-1.6311526238980967e-06
2,21,PGF-Net,DLinear,-0.0686333114475895
2,22,PGF-Net,DLinear,-0.3868493840106254
2,23,PGF-Net,DLinear,0.2668526645650122
2,24,PGF-Net,DLinear,0.40687155191270896
3,1,PGF-Net,DLinear,0.03150858045037111
3,2,PGF-Net,DLinear,-0.0633013491889606
3,3,PGF-Net,DLinear,-0.25717815857994597
3,4,PGF-Net,DLinear,-1.4478271396186722
3,5,PGF-Net,DLinear,-4.144553235658419
3,6,PGF-Net,DLinear,-2.548092030881673
3,7,PGF-Net,DLinear,-4.037422769199311
3,8,PGF-Net,DLinear,-1.5028852759642848
3,9,PGF-Net,DLinear,-0.5321655710316195
3,10,PGF-Net,DLinear,-0.5633391775265011
3,11,PGF-Net,DLinear,-0.09951875848784542
3,12,PGF-Net,DLinear,-0.006841252282816301
3,13,PGF-Net,DLinear,-0.0901923936484044
3,14,PGF-Net,DLinear,-0.2346699278654363
3,15,PGF-Net,DLinear,-0.271276738003433
3,16,PGF-Net,DLinear,-0.9751267346216199
3,17,PGF-Net,DLinear,0.3546113731354012
3,18,PGF-Net,DLinear,0.0305931618875993
3,19,PGF-Net,DLinear,-0.18504123057881627
3,20,PGF-Net,DLinear,-0.0008864946796229844
3,21,PGF-Net,DLinear,-0.17296566407607641
3,22,PGF-Net,DLinear,-1.138916811398314
3,23,PGF-Net,DLinear,0.08650299130000809
3,24,PGF-Net,DLinear,0.5160814481323964
4,1,PGF-Net,DLinear,-0.005890680551597305
4,2,PGF-Net,DLinear,0.6793069178263389
4,3,PGF-Net,DLinear,-0.10630513257282609
4,4,PGF-Net,DLinear,-0.6564813564962148
4,5,PGF-Net,DLinear,-0.268200078414427
4,6,PGF-Net,DLinear,-0.1937276730697319
4,7,PGF-Net,DLinear,0.15933365499007862
4,8,PGF-Net,DLinear,0.1426204763891114
4,9,PGF-Net,DLinear,-0.09496313935329699
4,10,PGF-Net,DLinear,-0.3115305485900533
4,11,PGF-Net,DLinear,-0.06822912684238189
4,12,PGF-Net,DLinear,-0.023983293190638
4,13,PGF-Net,DLinear,0.07024357356826613
4,14,PGF-Net,DLinear,-0.16497839909908887
4,15,PGF-Net,DLinear,-0.3371865330414417
4,16,PGF-Net,DLinear,-1.0547616934871131
4,17,PGF-Net,DLinear,1.074296425013383
4,18,PGF-Net,DLinear,-0.13517963008455938
4,19,PGF-Net,DLinear,-0.1516969825121432
4,20,PGF-Net,DLinear,-0.32603243136526316
4,21,PGF-Net,DLinear,-0.06313204888855091
4,22,PGF-Net,DLinear,-0.6322743391009168
4,23,PGF-Net,DLinear,-0.6112224684043213
4,24,PGF-Net,DLinear,-0.8140415274211322
5,1,PGF-Net,DLinear,-0.2388588037807639
5,2,PGF-Net,DLinear,-2.2151759317450592
5,3,PGF-Net,DLinear,-0.7500902239622768
5,4,PGF-Net,DLinear,0.0174191892878294
5,5,PGF-Net,DLinear,-0.4801186252119827
5,6,PGF-Net,DLinear,-0.5069863211751171
5,7,PGF-Net,DLinear,-0.8131131845259418
5,8,PGF-Net,DLinear,0.0468738159791996
5,9,PGF-Net,DLinear,-0.36911921429381206
5,10,PGF-Net,DLinear,0.017668563895517703
5,11,PGF-Net,DLinear,-0.0775925409307612
5,12,PGF-Net,DLinear,-0.0431202874698497
5,13,PGF-Net,DLinear,-0.005449074498813
5,14,PGF-Net,DLinear,-0.0956600727269045
5,15,PGF-Net,DLinear,-0.13103529353885118
5,16,PGF-Net,DLinear,0.07087318839952961
5,17,PGF-Net,DLinear,-0.8838481176589537
5,18,PGF-Net,DLinear,0.1497717263572222
5,19,PGF-Net,DLinear,-0.0154411002624161
5,20,PGF-Net,DLinear,0.3273630645614944
5,21,PGF-Net,DLinear,0.332906429359983
5,22,PGF-Net,DLinear,0.88819118028391
5,23,PGF-Net,DLinear,-0.5525397790887191
5,24,PGF-Net,DLinear,0.0032301261269087993
6,1,PGF-Net,DLinear,-0.003192535918051881
6,2,PGF-Net,DLinear,-0.28882624553974057
6,3,PGF-Net,DLinear,-0.4228492942578609
6,4,PGF-Net,DLinear,-0.4910630185166118
6,5,PGF-Net,DLinear,0.2923027178739735
6,6,PGF-Net,DLinear,0.21200114972361916
6,7,PGF-Net,DLinear,0.26408145690536244
6,8,PGF-Net,DLinear,0.847812576551445
6,9,PGF-Net,DLinear,0.2785018306392326
6,10,PGF-Net,DLinear,-0.16724820196989668
6,11,PGF-Net,DLinear,-0.039533574587684896
6,12,PGF-Net,DLinear,0.00047099627412490117
6,13,PGF-Net,DLinear,-0.0838511508065445
6,14,PGF-Net,DLinear,-0.6375997405276206
6,15,PGF-Net,DLinear,-0.9035912180752415
6,16,PGF-Net,DLinear,-1.3711675239299912
6,17,PGF-Net,DLinear,0.088270274103332
6,18,PGF-Net,DLinear,-0.4158488665789603
6,19,PGF-Net,DLinear,-0.6429251251585062
6,20,PGF-Net,DLinear,0.13878652576574524
6,21,PGF-Net,DLinear,0.06666016747509285
6,22,PGF-Net,DLinear,-0.2645278156472406
6,23,PGF-Net,DLinear,-0.09013466479188341
6,24,PGF-Net,DLinear,-0.2892775830566019
7,1,PGF-Net,DLinear,-0.1188927339048193
7,2,PGF-Net,DLinear,-0.2567363786619823
7,3,PGF-Net,DLinear,-0.6215741801633685
7,4,PGF-Net,DLinear,0.1160710935570623
7,5,PGF-Net,DLinear,-0.214247345039916
7,6,PGF-Net,DLinear,-1.1985430838467492
7,7,PGF-Net,DLinear,-0.9500094788548746
7,8,PGF-Net,DLinear,-0.113130514788376
7,9,PGF-Net,DLinear,0.094538147942618
7,10,PGF-Net,DLinear,0.04117399208544407
7,11,PGF-Net,DLinear,-0.0095337780087234
7,12,PGF-Net,DLinear,0.008973095104189921
7,13,PGF-Net,DLinear,-0.1003859903720526
7,14,PGF-Net,DLinear,-0.46269089509462774
7,15,PGF-Net,DLinear,-0.602357844734158
7,16,PGF-Net,DLinear,-0.7949363151549449
7,17,PGF-Net,DLinear,-0.72282338512716
7,18,PGF-Net,DLinear,0.6959792696345617
7,19,PGF-Net,DLinear,0.2398349465596703
7,20,PGF-Net,DLinear,0.2157426485802408
7,21,PGF-Net,DLinear,-0.5670695121275151
7,22,PGF-Net,DLinear,-1.0702085603100133
7,23,PGF-Net,DLinear,0.9251819365690176
7,24,PGF-Net,DLinear,0.4962575029185354
8,1,PGF-Net,DLinear,0.1254609755885336
8,2,PGF-Net,DLinear,0.9455079019505829
8,3,PGF-Net,DLinear,1.3324449007224066
8,4,PGF-Net,DLinear,1.0129829885432413
8,5,PGF-Net,DLinear,-0.4980419476797715
8,6,PGF-Net,DLinear,-0.6805480043264114
8,7,PGF-Net,DLinear,-0.039780809581372104
8,8,PGF-Net,DLinear,0.1325401805690189
8,9,PGF-Net,DLinear,0.0037219182722744992
8,10,PGF-Net,DLinear,-0.08579166329484111
8,11,PGF-Net,DLinear,-0.0647893125457454
8,12,PGF-Net,DLinear,-0.14853875000804262
8,13,PGF-Net,DLinear,-0.0759956764416958
8,14,PGF-Net,DLinear,-0.24122041434430191
8,15,PGF-Net,DLinear,0.08773620787399816
8,16,PGF-Net,DLinear,-0.10569775574440349
8,17,PGF-Net,DLinear,-0.20164889613477371
8,18,PGF-Net,DLinear,0.1870877335934711
8,19,PGF-Net,DLinear,0.11304033653283108
8,20,PGF-Net,DLinear,-0.1330639795143178
8,21,PGF-Net,DLinear,-0.10553866380352203
8,22,PGF-Net,DLinear,-0.2111927580323686
8,23,PGF-Net,DLinear,1.1089553794827773
8,24,PGF-Net,DLinear,0.4125330282367986
9,1,PGF-Net,DLinear,0.1316695322543085
9,2,PGF-Net,DLinear,0.057486500101558174
9,3,PGF-Net,DLinear,0.10311851363379265
9,4,PGF-Net,DLinear,0.18256420799405837
9,5,PGF-Net,DLinear,-0.4073705264860874
9,6,PGF-Net,DLinear,-0.4551369140652649
9,7,PGF-Net,DLinear,-0.020711643597001006
9,8,PGF-Net,DLinear,0.03938272345766511
9,9,PGF-Net,DLinear,-0.0253381108511909
9,10,PGF-Net,DLinear,-0.18091022473164858
9,11,PGF-Net,DLinear,0.0375805318334244
9,12,PGF-Net,DLinear,-0.005447149911461002
9,13,PGF-Net,DLinear,-0.021272437067035
9,14,PGF-Net,DLinear,-0.15303035499386558
9,15,PGF-Net,DLinear,-0.1348083115140831
9,16,PGF-Net,DLinear,-0.663816360334599
9,17,PGF-Net,DLinear,0.4193024951674956
9,18,PGF-Net,DLinear,-0.0442723860278726
9,19,PGF-Net,DLinear,-0.2119449889700041
9,20,PGF-Net,DLinear,-4.6680885577700046e-05
9,21,PGF-Net,DLinear,-0.5613392436930975
9,22,PGF-Net,DLinear,-0.9103532574706721
9,23,PGF-Net,DLinear,-0.0186958457000605
9,24,PGF-Net,DLinear,-0.0786224152979871
10,1,PGF-Net,DLinear,-0.0136960700546114
10,2,PGF-Net,DLinear,0.0463557677888535
10,3,PGF-Net,DLinear,0.0425772123934037
10,4,PGF-Net,DLinear,-0.047742558340664695
10,5,PGF-Net,DLinear,-0.0038458376584927
10,6,PGF-Net,DLinear,0.44785371480527286
10,7,PGF-Net,DLinear,1.0387363740057816
10,8,PGF-Net,DLinear,0.9583654474516802
10,9,PGF-Net,DLinear,0.6980182502362158
10,10,PGF-Net,DLinear,0.9224434480081736
10,11,PGF-Net,DLinear,0.730135294215505
10,12,PGF-Net,DLinear,0.6903488891689241
10,13,PGF-Net,DLinear,0.3951090751336198
10,14,PGF-Net,DLinear,0.5886306655830981
10,15,PGF-Net,DLinear,0.15811874034737738
10,16,PGF-Net,DLinear,-0.009220405390155895
10,17,PGF-Net,DLinear,-0.020611698417928703
10,18,PGF-Net,DLinear,0.22691596896794342
10,19,PGF-Net,DLinear,0.1666178462448287
10,20,PGF-Net,DLinear,0.07544087255914023
10,21,PGF-Net,DLinear,-0.062431507225115423
10,22,PGF-Net,DLinear,0.013717127968052578
10,23,PGF-Net,DLinear,0.10417992594339759
10,24,PGF-Net,DLinear,-0.2476621402704451
11,1,PGF-Net,DLinear,0.0204253114058079
11,2,PGF-Net,DLinear,0.4013479700083517
11,3,PGF-Net,DLinear,0.08641703042904945
11,4,PGF-Net,DLinear,0.0592494645081788
11,5,PGF-Net,DLinear,0.6415400341466573
11,6,PGF-Net,DLinear,0.1422970234336929
11,7,PGF-Net,DLinear,-0.05384806106220788
11,8,PGF-Net,DLinear,-0.030718614248357992
11,9,PGF-Net,DLinear,-0.0541542545396379
11,10,PGF-Net,DLinear,-0.0336716690649828
11,11,PGF-Net,DLinear,-0.050506386069868
11,12,PGF-Net,DLinear,-0.0611520886288952
11,13,PGF-Net,DLinear,-0.0001466777163434488
11,14,PGF-Net,DLinear,0.0614557423160666
11,15,PGF-Net,DLinear,0.30117301960406373
11,16,PGF-Net,DLinear,0.004199831727624115
11,17,PGF-Net,DLinear,-0.07911141195163679
11,18,PGF-Net,DLinear,-0.023489891870280888
11,19,PGF-Net,DLinear,-0.23681934901535973
11,20,PGF-Net,DLinear,0.3231981373490726
11,21,PGF-Net,DLinear,0.0956627694366827
11,22,PGF-Net,DLinear,0.11713518774793508
11,23,PGF-Net,DLinear,0.33978591111768036
11,24,PGF-Net,DLinear,0.0996649171361844
12,1,PGF-Net,DLinear,0.2235482738623365
12,2,PGF-Net,DLinear,0.22985993487400103
12,3,PGF-Net,DLinear,0.2167459072060201
12,4,PGF-Net,DLinear,0.008912911317538201
12,5,PGF-Net,DLinear,-0.39606449544154343
12,6,PGF-Net,DLinear,-0.8987490915277764
12,7,PGF-Net,DLinear,-0.8861439457594317
12,8,PGF-Net,DLinear,-0.4870118308982815
12,9,PGF-Net,DLinear,-0.3890458678630282
12,10,PGF-Net,DLinear,-0.2906600816958457
12,11,PGF-Net,DLinear,0.015120749908822501
12,12,PGF-Net,DLinear,-0.1746442486855954
12,13,PGF-Net,DLinear,-0.0427442215223356
12,14,PGF-Net,DLinear,-0.0709925881275722
12,15,PGF-Net,DLinear,-0.053152582292802675
12,16,PGF-Net,DLinear,-0.2618527892864372
12,17,PGF-Net,DLinear,-0.602136749792952
12,18,PGF-Net,DLinear,-0.6682272057980803
12,19,PGF-Net,DLinear,-0.5444232319367708
12,20,PGF-Net,DLinear,0.04815274789312651
12,21,PGF-Net,DLinear,0.148707240047452
12,22,PGF-Net,DLinear,0.18975198492684947
12,23,PGF-Net,DLinear,0.06895231824138937
12,24,PGF-Net,DLinear,0.1109747183802848
13,1,PGF-Net,DLinear,0.1671345421710272
13,2,PGF-Net,DLinear,-0.058475489127235304
13,3,PGF-Net,DLinear,-0.0249053289683883
13,4,PGF-Net,DLinear,0.1173436578935405
13,5,PGF-Net,DLinear,-0.1577329950779598
13,6,PGF-Net,DLinear,0.0595813069469395
13,7,PGF-Net,DLinear,0.1554306998450829
13,8,PGF-Net,DLinear,0.23529058480404688
13,9,PGF-Net,DLinear,0.059083771822109506
13,10,PGF-Net,DLinear,-0.2970622880158352
13,11,PGF-Net,DLinear,-0.1824269074010258
13,12,PGF-Net,DLinear,-0.06685019693720173
13,13,PGF-Net,DLinear,-0.0211029645453987
13,14,PGF-Net,DLinear,0.1423779615578773
13,15,PGF-Net,DLinear,-0.01054886209264462
13,16,PGF-Net,DLinear,0.1141917539688475
13,17,PGF-Net,DLinear,0.0774714637615999
13,18,PGF-Net,DLinear,-0.14316231702303173
13,19,PGF-Net,DLinear,-0.28623718962226874
13,20,PGF-Net,DLinear,-0.28454875398172347
13,21,PGF-Net,DLinear,-0.0025682697540666257
13,22,PGF-Net,DLinear,0.12310279583440611
13,23,PGF-Net,DLinear,0.1894409591671405
13,24,PGF-Net,DLinear,0.1197048323543572
14,1,PGF-Net,DLinear,-0.0423487921894461
14,2,PGF-Net,DLinear,0.0714796634170776
14,3,PGF-Net,DLinear,0.0716305632604118
14,4,PGF-Net,DLinear,0.6065284790171479
14,5,PGF-Net,DLinear,0.6671687736292187
14,6,PGF-Net,DLinear,0.2273762694688105
14,7,PGF-Net,DLinear,-0.0641238668464984
14,8,PGF-Net,DLinear,-0.0586427691989822
14,9,PGF-Net,DLinear,-0.0298009575561418
14,10,PGF-Net,DLinear,-0.0225011937434214
14,11,PGF-Net,DLinear,-0.028024885935625903
14,12,PGF-Net,DLinear,0.13213412398040109
14,13,PGF-Net,DLinear,0.1525006948781148
14,14,PGF-Net,DLinear,-0.2166128713909845
14,15,PGF-Net,DLinear,-0.024981187824065387
14,16,PGF-Net,DLinear,-0.03572791112763987
14,17,PGF-Net,DLinear,0.024173583024896195
14,18,PGF-Net,DLinear,-0.019641453700374192
14,19,PGF-Net,DLinear,0.0303395744992619
14,20,PGF-Net,DLinear,0.41881376076340326
14,21,PGF-Net,DLinear,0.3077903490860619
14,22,PGF-Net,DLinear,0.4529421331510945
14,23,PGF-Net,DLinear,0.4207000478292179
14,24,PGF-Net,DLinear,0.0021488760026217996
15,1,PGF-Net,DLinear,0.0301327526635599
15,2,PGF-Net,DLinear,0.0970549105888488
15,3,PGF-Net,DLinear,0.2572559795625428
15,4,PGF-Net,DLinear,0.597056941491612
15,5,PGF-Net,DLinear,0.4919953131816205
15,6,PGF-Net,DLinear,0.28668239679416296
15,7,PGF-Net,DLinear,0.024911671572576097
15,8,PGF-Net,DLinear,0.039905328939183
15,9,PGF-Net,DLinear,0.0091912804461209
15,10,PGF-Net,DLinear,0.32220859360662774
15,11,PGF-Net,DLinear,-0.19395732489947592
15,12,PGF-Net,DLinear,-0.170455309978294
15,13,PGF-Net,DLinear,-0.022777243424655695
15,14,PGF-Net,DLinear,0.0163892611227984
15,15,PGF-Net,DLinear,0.15140302821531199
15,16,PGF-Net,DLinear,0.1573337889228433
15,17,PGF-Net,DLinear,0.1500277546230353
15,18,PGF-Net,DLinear,0.0777646202860385
15,19,PGF-Net,DLinear,0.1781920202675199
15,20,PGF-Net,DLinear,0.6499559577949136
15,21,PGF-Net,DLinear,0.2919712349348509
15,22,PGF-Net,DLinear,-0.1228396190285326
15,23,PGF-Net,DLinear,0.25346364955870315
15,24,PGF-Net,DLinear,0.15349079263843257
16,1,PGF-Net,DLinear,0.094102098581623
16,2,PGF-Net,DLinear,0.1574739223796312
16,3,PGF-Net,DLinear,0.20898933182199012
16,4,PGF-Net,DLinear,0.47619506486325586
16,5,PGF-Net,DLinear,0.5265945012669677
16,6,PGF-Net,DLinear,0.2304942227586436
16,7,PGF-Net,DLinear,-0.001109359623504308
16,8,PGF-Net,DLinear,-0.0898277427910043
16,9,PGF-Net,DLinear,-0.19669937791702824
16,10,PGF-Net,DLinear,-0.019118924772563002
16,11,PGF-Net,DLinear,-0.006847052089885702
16,12,PGF-Net,DLinear,-0.02208791956448384
16,13,PGF-Net,DLinear,0.0025352190366668
16,14,PGF-Net,DLinear,-0.0413633448916381
16,15,PGF-Net,DLinear,0.2206953297793388
16,16,PGF-Net,DLinear,0.17419207541847181
16,17,PGF-Net,DLinear,0.0547611345828065
16,18,PGF-Net,DLinear,0.0080863728784006
16,19,PGF-Net,DLinear,0.05480465043881877
16,20,PGF-Net,DLinear,0.049522677414361616
16,21,PGF-Net,DLinear,0.04219256582177841
16,22,PGF-Net,DLinear,-0.1598667074317215
16,23,PGF-Net,DLinear,0.09806493239666109
16,24,PGF-Net,DLinear,-0.8269619172841638
17,1,PGF-Net,DLinear,-0.0073256785769877
17,2,PGF-Net,DLinear,-0.003938260374377696
17,3,PGF-Net,DLinear,0.0637265894827174
17,4,PGF-Net,DLinear,0.1759987729014608
17,5,PGF-Net,DLinear,0.14153796096135202
17,6,PGF-Net,DLinear,0.0237393625477992
17,7,PGF-Net,DLinear,-0.004184250120510524
17,8,PGF-Net,DLinear,0.029657443721207502
17,9,PGF-Net,DLinear,0.116785935822628
17,10,PGF-Net,DLinear,0.1258016307967413
17,11,PGF-Net,DLinear,0.2248313899333383
17,12,PGF-Net,DLinear,0.3373829834362438
17,13,PGF-Net,DLinear,0.1364495149814048
17,14,PGF-Net,DLinear,0.20753490396096191
17,15,PGF-Net,DLinear,0.00584777056155243
17,16,PGF-Net,DLinear,-0.0035316069574210995
17,17,PGF-Net,DLinear,-0.0027505268461179
17,18,PGF-Net,DLinear,0.0008100902035647488
17,19,PGF-Net,DLinear,0.0048535748321898
17,20,PGF-Net,DLinear,0.0836242669736243
17,21,PGF-Net,DLinear,0.086664898746346
17,22,PGF-Net,DLinear,0.0663048253651415
17,23,PGF-Net,DLinear,0.0410691797976002
17,24,PGF-Net,DLinear,0.0029451244505652
18,1,PGF-Net,DLinear,0.0205709607027708
18,2,PGF-Net,DLinear,0.316944332610427
18,3,PGF-Net,DLinear,0.5822029096529047
18,4,PGF-Net,DLinear,1.666060260740767
18,5,PGF-Net,DLinear,2.5680162728213913
18,6,PGF-Net,DLinear,1.2417471847935642
18,7,PGF-Net,DLinear,0.6822990869386198
18,8,PGF-Net,DLinear,0.0939667339503888
18,9,PGF-Net,DLinear,0.1493998934683562
18,10,PGF-Net,DLinear,0.0950912692036343
18,11,PGF-Net,DLinear,0.035654249979786605
18,12,PGF-Net,DLinear,-0.087494408162915
18,13,PGF-Net,DLinear,0.1304576105884269
18,14,PGF-Net,DLinear,0.016668967349963704
18,15,PGF-Net,DLinear,0.689487803625829
18,16,PGF-Net,DLinear,0.3536552820895296
18,17,PGF-Net,DLinear,0.3040574851401845
18,18,PGF-Net,DLinear,0.4152705323074687
18,19,PGF-Net,DLinear,-0.29250361531740665
18,20,PGF-Net,DLinear,-1.2496246323807128
18,21,PGF-Net,DLinear,-0.6911389014914366
18,22,PGF-Net,DLinear,-0.0010093404063381967
18,23,PGF-Net,DLinear,0.023731321708757004
18,24,PGF-Net,DLinear,0.763385666035391
19,1,PGF-Net,DLinear,0.41534914483643753
19,2,PGF-Net,DLinear,-0.43284273304304266
19,3,PGF-Net,DLinear,-0.1022005864043965
19,4,PGF-Net,DLinear,-0.4038393709504858
19,5,PGF-Net,DLinear,-0.39885405503286675
19,6,PGF-Net,DLinear,-0.2510633148356337
19,7,PGF-Net,DLinear,0.0445097543662087
19,8,PGF-Net,DLinear,0.15011104800883948
19,9,PGF-Net,DLinear,0.0320421068143747
19,10,PGF-Net,DLinear,0.009384811467678899
19,11,PGF-Net,DLinear,0.009080815582227501
19,12,PGF-Net,DLinear,-0.041388885306289
19,13,PGF-Net,DLinear,-0.056384074149857695
19,14,PGF-Net,DLinear,-0.060799890751845
19,15,PGF-Net,DLinear,0.2519707363716449
19,16,PGF-Net,DLinear,0.0544628530684322
19,17,PGF-Net,DLinear,-0.6011861320871408
19,18,PGF-Net,DLinear,-0.0414005403073717
19,19,PGF-Net,DLinear,0.0455248581258235
19,20,PGF-Net,DLinear,0.2772015822988694
19,21,PGF-Net,DLinear,0.24212168478545115
19,22,PGF-Net,DLinear,0.0157173673806899
19,23,PGF-Net,DLinear,-0.619780156227987
19,24,PGF-Net,DLinear,-0.008984188541917602
20,1,PGF-Net,DLinear,-0.2249719458013125
20,2,PGF-Net,DLinear,-0.09398767573922459
20,3,PGF-Net,DLinear,-0.5850355662039919
20,4,PGF-Net,DLinear,-0.5692612107492725
20,5,PGF-Net,DLinear,0.043356542404427
20,6,PGF-Net,DLinear,0.1868147498315342
20,7,PGF-Net,DLinear,0.3682245023169213
20,8,PGF-Net,DLinear,0.1485499331012765
20,9,PGF-Net,DLinear,0.2645903669506834
20,10,PGF-Net,DLinear,0.43290307963368724
20,11,PGF-Net,DLinear,0.07868202906669008
20,12,PGF-Net,DLinear,-0.15702780724417575
20,13,PGF-Net,DLinear,-0.10379816233854801
20,14,PGF-Net,DLinear,-0.4307947018122636
20,15,PGF-Net,DLinear,-0.7425567335808967
20,16,PGF-Net,DLinear,-0.6936119263324183
20,17,PGF-Net,DLinear,-0.14152794615538739
20,18,PGF-Net,DLinear,0.4256869753364329
20,19,PGF-Net,DLinear,0.0604142073676339
20,20,PGF-Net,DLinear,-0.2512636058269531
20,21,PGF-Net,DLinear,-0.9268001186756226
20,22,PGF-Net,DLinear,-0.7309714466584915
20,23,PGF-Net,DLinear,-0.6710402817997171
20,24,PGF-Net,DLinear,-0.13844974226668272
21,1,PGF-Net,DLinear,0.07423245923617411
21,2,PGF-Net,DLinear,-0.2537972761859213
21,3,PGF-Net,DLinear,0.019751303281507097
21,4,PGF-Net,DLinear,0.0725260596011155
21,5,PGF-Net,DLinear,0.0520230666764861
21,6,PGF-Net,DLinear,-0.0019367696992282912
21,7,PGF-Net,DLinear,0.0642204574457019
21,8,PGF-Net,DLinear,0.12500801611264076
21,9,PGF-Net,DLinear,-0.0263572917717735
21,10,PGF-Net,DLinear,0.014074684604994597
21,11,PGF-Net,DLinear,-0.0087842021615269
21,12,PGF-Net,DLinear,-0.0027917252711296
21,13,PGF-Net,DLinear,-0.1044723929004178
21,14,PGF-Net,DLinear,-0.5088861688659734
21,15,PGF-Net,DLinear,-0.40350626450294347
21,16,PGF-Net,DLinear,-0.138846142305431
21,17,PGF-Net,DLinear,-0.0555879618222186
21,18,PGF-Net,DLinear,0.069214741823529
21,19,PGF-Net,DLinear,0.3904451540483621
21,20,PGF-Net,DLinear,1.0150628115158327
21,21,PGF-Net,DLinear,0.5874229192389173
21,22,PGF-Net,DLinear,0.7212765297473755
21,23,PGF-Net,DLinear,0.5368908020779382
21,24,PGF-Net,DLinear,0.00444169628593577
22,1,PGF-Net,DLinear,0.2150431950724352
22,2,PGF-Net,DLinear,0.010904074518105933
22,3,PGF-Net,DLinear,-0.5476602784857956
22,4,PGF-Net,DLinear,-0.37995708540346684
22,5,PGF-Net,DLinear,-0.5683722821578905
22,6,PGF-Net,DLinear,0.04531339331915435
22,7,PGF-Net,DLinear,0.1310254891717626
22,8,PGF-Net,DLinear,0.1929059189137749
22,9,PGF-Net,DLinear,0.08960598015505
22,10,PGF-Net,DLinear,0.0699474613415342
22,11,PGF-Net,DLinear,0.0265766064458057
22,12,PGF-Net,DLinear,-0.0318534453817569
22,13,PGF-Net,DLinear,-0.042208658942733
22,14,PGF-Net,DLinear,-0.4298870201430104
22,15,PGF-Net,DLinear,-0.9947953805980152
22,16,PGF-Net,DLinear,-0.960597785484042
22,17,PGF-Net,DLinear,-0.5647032216510752
22,18,PGF-Net,DLinear,-0.2156641789072506
22,19,PGF-Net,DLinear,0.08281705480138662
22,20,PGF-Net,DLinear,0.5232692141246758
22,21,PGF-Net,DLinear,0.42614580621820514
22,22,PGF-Net,DLinear,0.8843003656075108
22,23,PGF-Net,DLinear,0.8885078945757187
22,24,PGF-Net,DLinear,0.26526810760593916
23,1,PGF-Net,DLinear,-0.0048797198056507
23,2,PGF-Net,DLinear,0.42104821403344406
23,3,PGF-Net,DLinear,0.3595822493103376
23,4,PGF-Net,DLinear,-3.1588565650170786
23,5,PGF-Net,DLinear,-2.6739026104353503
23,6,PGF-Net,DLinear,-0.31429641029028416
23,7,PGF-Net,DLinear,-0.321945381987672
23,8,PGF-Net,DLinear,0.17589566244052063
23,9,PGF-Net,DLinear,-0.01484089707932379
23,10,PGF-Net,DLinear,-0.02263261771191999
23,11,PGF-Net,DLinear,-0.22164858825675932
23,12,PGF-Net,DLinear,-0.083438073960391
23,13,PGF-Net,DLinear,-0.0718097910520385
23,14,PGF-Net,DLinear,-0.581458654163038
23,15,PGF-Net,DLinear,-0.7989522352662929
23,16,PGF-Net,DLinear,-0.2667989374743981
23,17,PGF-Net,DLinear,-0.133371049390951
23,18,PGF-Net,DLinear,-0.9170901839005654
23,19,PGF-Net,DLinear,-1.7635512678750347
23,20,PGF-Net,DLinear,0.3783986847292502
23,21,PGF-Net,DLinear,0.5726448586193903
23,22,PGF-Net,DLinear,-0.708961065706764
23,23,PGF-Net,DLinear,0.0979469498440819
23,24,PGF-Net,DLinear,0.0387238941269263
24,1,PGF-Net,DLinear,0.11845662892759698
24,2,PGF-Net,DLinear,0.026181324828182792
24,3,PGF-Net,DLinear,-0.0317988593606755
24,4,PGF-Net,DLinear,0.001088685951898094
24,5,PGF-Net,DLinear,0.032144714409114
24,6,PGF-Net,DLinear,0.033759442012554194
24,7,PGF-Net,DLinear,0.2058957352869672
24,8,PGF-Net,DLinear,-0.0167666854072639
24,9,PGF-Net,DLinear,0.0222032145009923
24,10,PGF-Net,DLinear,0.0352432303146407
24,11,PGF-Net,DLinear,0.007675894890423602
24,12,PGF-Net,DLinear,0.001247571720966342
24,13,PGF-Net,DLinear,-0.09732192745151519
24,14,PGF-Net,DLinear,-0.643581774414942
24,15,PGF-Net,DLinear,-1.095916234986047
24,16,PGF-Net,DLinear,-0.6245744900295246
24,17,PGF-Net,DLinear,-0.20754178944520368
24,18,PGF-Net,DLinear,0.1915260284006799
24,19,PGF-Net,DLinear,-0.725240915177816
24,20,PGF-Net,DLinear,-0.7242645156844355
24,21,PGF-Net,DLinear,-0.17608655721465016
24,22,PGF-Net,DLinear,0.1623327542286359
24,23,PGF-Net,DLinear,0.7289287592867824
24,24,PGF-Net,DLinear,0.2002619233931896
25,1,PGF-Net,DLinear,0.11503402830984201
25,2,PGF-Net,DLinear,-0.23757014777265606
25,3,PGF-Net,DLinear,-0.3581179000207646
25,4,PGF-Net,DLinear,0.14146465828491395
25,5,PGF-Net,DLinear,1.3068224928062657
25,6,PGF-Net,DLinear,1.0354000315920127
25,7,PGF-Net,DLinear,0.8401147077848884
25,8,PGF-Net,DLinear,0.6108021169312235
25,9,PGF-Net,DLinear,0.3309349517173188
25,10,PGF-Net,DLinear,0.1176443462479043
25,11,PGF-Net,DLinear,0.027629910085493398
25,12,PGF-Net,DLinear,0.0018891602475310004
25,13,PGF-Net,DLinear,0.0093806568453395
25,14,PGF-Net,DLinear,0.1656880956747576
25,15,PGF-Net,DLinear,-1.5305548894247232
25,16,PGF-Net,DLinear,-2.2678459424655917
25,17,PGF-Net,DLinear,-1.645154482779827
25,18,PGF-Net,DLinear,-0.43801887576570775
25,19,PGF-Net,DLinear,-0.022098446036170394
25,20,PGF-Net,DLinear,0.48887064201205543
25,21,PGF-Net,DLinear,1.0618140779372824
25,22,PGF-Net,DLinear,0.7328185079520126
25,23,PGF-Net,DLinear,0.5177301677755188
25,24,PGF-Net,DLinear,-0.1811775254773457
26,1,PGF-Net,DLinear,-0.921504660396028
26,2,PGF-Net,DLinear,-0.06544848866519469
26,3,PGF-Net,DLinear,0.7092351261035805
26,4,PGF-Net,DLinear,0.4796650125143424
26,5,PGF-Net,DLinear,-0.9125756081783707
26,6,PGF-Net,DLinear,0.8873667308967457
26,7,PGF-Net,DLinear,-1.4169251085226482
26,8,PGF-Net,DLinear,-0.819036612416148
26,9,PGF-Net,DLinear,-0.530486184800752
26,10,PGF-Net,DLinear,-0.9652662647999933
26,11,PGF-Net,DLinear,-0.26145790117789847
26,12,PGF-Net,DLinear,-0.0789950213791719
26,13,PGF-Net,DLinear,-0.1485597862336136
26,14,PGF-Net,DLinear,-0.760920819377321
26,15,PGF-Net,DLinear,-1.220995590792524
26,16,PGF-Net,DLinear,-0.8133397159107894
26,17,PGF-Net,DLinear,-0.085829510242558
26,18,PGF-Net,DLinear,-0.23197280073727047
26,19,PGF-Net,DLinear,-0.5845291166626255
26,20,PGF-Net,DLinear,-2.02307465992601
26,21,PGF-Net,DLinear,-2.0416000824577845
26,22,PGF-Net,DLinear,-4.229090938527065
26,23,PGF-Net,DLinear,-0.7843589997195638
26,24,PGF-Net,DLinear,-0.2855549739100773
27,1,PGF-Net,DLinear,-0.01846105210818385
27,2,PGF-Net,DLinear,-0.9057602647372601
27,3,PGF-Net,DLinear,-1.6681449270061663
27,4,PGF-Net,DLinear,-2.8524726455375164
27,5,PGF-Net,DLinear,-2.7166568875235604
27,6,PGF-Net,DLinear,-1.2069340701680114
27,7,PGF-Net,DLinear,-0.01171595113013213
27,8,PGF-Net,DLinear,0.4432596189392427
27,9,PGF-Net,DLinear,0.580271269304777
27,10,PGF-Net,DLinear,0.2895359651712142
27,11,PGF-Net,DLinear,0.13471445408874383
27,12,PGF-Net,DLinear,0.08947067475468207
27,13,PGF-Net,DLinear,0.12510411662845566
27,14,PGF-Net,DLinear,0.768334450485322
27,15,PGF-Net,DLinear,0.12045356407431412
27,16,PGF-Net,DLinear,0.027175538237697805
27,17,PGF-Net,DLinear,-0.17302708791734217
27,18,PGF-Net,DLinear,-0.20729182796646756
27,19,PGF-Net,DLinear,-0.45502174718646404
27,20,PGF-Net,DLinear,0.2431224935599453
27,21,PGF-Net,DLinear,0.025223943138172698
27,22,PGF-Net,DLinear,-0.10791014216856809
27,23,PGF-Net,DLinear,0.37163653131026647
27,24,PGF-Net,DLinear,-0.010610176906154623
28,1,PGF-Net,DLinear,-0.052970002843560904
28,2,PGF-Net,DLinear,-0.47957971429149765
28,3,PGF-Net,DLinear,0.1314669612392406
28,4,PGF-Net,DLinear,0.7300220800174672
28,5,PGF-Net,DLinear,0.9216702763842471
28,6,PGF-Net,DLinear,0.7685822034050127
28,7,PGF-Net,DLinear,1.0545929523801034
28,8,PGF-Net,DLinear,0.7105595196253853
28,9,PGF-Net,DLinear,0.4933265751967847
28,10,PGF-Net,DLinear,0.32490900316929583
28,11,PGF-Net,DLinear,-0.028968806308926898
28,12,PGF-Net,DLinear,0.0104954978791463
28,13,PGF-Net,DLinear,-0.0004584453877082978
28,14,PGF-Net,DLinear,-0.6063412971680984
28,15,PGF-Net,DLinear,-0.7694161299029163
28,16,PGF-Net,DLinear,-2.7929400346907474
28,17,PGF-Net,DLinear,-0.4181967834300204
28,18,PGF-Net,DLinear,0.031766793807778
28,19,PGF-Net,DLinear,0.092775552861053
28,20,PGF-Net,DLinear,-0.1124095573454642
28,21,PGF-Net,DLinear,0.262626979072933
28,22,PGF-Net,DLinear,-0.00667077984782552
28,23,PGF-Net,DLinear,-0.5388375364828346
28,24,PGF-Net,DLinear,-0.09882175526963721
29,1,PGF-Net,DLinear,-0.0037472047866814982
29,2,PGF-Net,DLinear,0.30206138617350986
29,3,PGF-Net,DLinear,0.4040863167558665
29,4,PGF-Net,DLinear,1.3481578679735167
29,5,PGF-Net,DLinear,0.9765649372861187
29,6,PGF-Net,DLinear,-0.0639018919278963
29,7,PGF-Net,DLinear,-0.84542866283264
29,8,PGF-Net,DLinear,-0.7910840279944785
29,9,PGF-Net,DLinear,-0.6003730858304698
29,10,PGF-Net,DLinear,-0.1327402691672197
29,11,PGF-Net,DLinear,0.011291620121240098
29,12,PGF-Net,DLinear,-0.0081168467413118
29,13,PGF-Net,DLinear,-0.1653481275531223
29,14,PGF-Net,DLinear,-0.6332110398095634
29,15,PGF-Net,DLinear,-0.552746181060561
29,16,PGF-Net,DLinear,-0.22101280951994284
29,17,PGF-Net,DLinear,-0.0109298930787391
29,18,PGF-Net,DLinear,0.08985990797283488
29,19,PGF-Net,DLinear,0.3219249668571475
29,20,PGF-Net,DLinear,0.230303342652027
29,21,PGF-Net,DLinear,0.2772381902132673
29,22,PGF-Net,DLinear,0.1777030109115646
29,23,PGF-Net,DLinear,-0.507767348173056
29,24,PGF-Net,DLinear,0.5229362281403162
0,1,PGF-Net,S-Naive,9.920994589793208
0,2,PGF-Net,S-Naive,1.216161419617526
0,3,PGF-Net,S-Naive,3.021364802449485
0,4,PGF-Net,S-Naive,5.3085984905046475
0,5,PGF-Net,S-Naive,-6.9592399686412465
0,6,PGF-Net,S-Naive,8.55913072104704
0,7,PGF-Net,S-Naive,-1.3052555163337018
0,8,PGF-Net,S-Naive,8.312717585623911
0,9,PGF-Net,S-Naive,8.679033066130394
0,10,PGF-Net,S-Naive,-0.7090235187066087
0,11,PGF-Net,S-Naive,-0.8256133426403816
0,12,PGF-Net,S-Naive,7.150252235374774
0,13,PGF-Net,S-Naive,1.5581852099741091
0,14,PGF-Net,S-Naive,0.4746323016980396
0,15,PGF-Net,S-Naive,1.5377729222762275
0,16,PGF-Net,S-Naive,0.4811089943871201
0,17,PGF-Net,S-Naive,0.1523875369645889
0,18,PGF-Net,S-Naive,-1.8062639003302068
0,19,PGF-Net,S-Naive,3.4314174922510996
0,20,PGF-Net,S-Naive,-2.113555247220237
0,21,PGF-Net,S-Naive,11.62692528564814
0,22,PGF-Net,S-Naive,-0.0258700192209614
0,23,PGF-Net,S-Naive,-0.11340789776293758
0,24,PGF-Net,S-Naive,6.138449404259768
1,1,PGF-Net,S-Naive,-1.3260923043739643
1,2,PGF-Net,S-Naive,-0.08492254172866112
1,3,PGF-Net,S-Naive,0.1429435485545789
1,4,PGF-Net,S-Naive,2.1594049560215063
1,5,PGF-Net,S-Naive,-0.7143011783398636
1,6,PGF-Net,S-Naive,8.029108257960251
1,7,PGF-Net,S-Naive,0.1347965342798545
1,8,PGF-Net,S-Naive,3.7773090419609794
1,9,PGF-Net,S-Naive,1.96784428873572
1,10,PGF-Net,S-Naive,-0.0762517199372192
1,11,PGF-Net,S-Naive,0.14152074636344375
1,12,PGF-Net,S-Naive,2.5520314592626887
1,13,PGF-Net,S-Naive,-0.0006332055306171352
1,14,PGF-Net,S-Naive,0.31111198807098794
1,15,PGF-Net,S-Naive,-1.190407637486949
1,16,PGF-Net,S-Naive,-1.3230846787776291
1,17,PGF-Net,S-Naive,0.8304228826426576
1,18,PGF-Net,S-Naive,-0.08029205856918219
1,19,PGF-Net,S-Naive,3.5832807680922714
1,20,PGF-Net,S-Naive,-1.4977771000860183
1,21,PGF-Net,S-Naive,18.58146980321763
1,22,PGF-Net,S-Naive,1.0206127982513173
1,23,PGF-Net,S-Naive,5.5217137377563
1,24,PGF-Net,S-Naive,13.541217999363035
2,1,PGF-Net,S-Naive,0.9165789405121287
2,2,PGF-Net,S-Naive,1.3748271823319667
2,3,PGF-Net,S-Naive,1.0439806871875403
2,4,PGF-Net,S-Naive,-0.9086322583206892
2,5,PGF-Net,S-Naive,0.5217826489149285
2,6,PGF-Net,S-Naive,0.5543519502586837
2,7,PGF-Net,S-Naive,-0.09811625287549897
2,8,PGF-Net,S-Naive,0.2465638528007013
2,9,PGF-Net,S-Naive,-2.428934690073506
2,10,PGF-Net,S-Naive,-0.48040603431142737
2,11,PGF-Net,S-Naive,-0.22280528553305762
2,12,PGF-Net,S-Naive,0.0150953407941832
2,13,PGF-Net,S-Naive,-0.0004921262474646998
2,14,PGF-Net,S-Naive,-0.29379529097371243
2,15,PGF-Net,S-Naive,0.33004865475708745
2,16,PGF-Net,S-Naive,0.5146724135644651
2,17,PGF-Net,S-Naive,-2.727662331725917
2,18,PGF-Net,S-Naive,2.0811957061312008
2,19,PGF-Net,S-Naive,0.6693862829377208
2,20,PGF-Net,S-Naive,0.012402741190982
2,21,PGF-Net,S-Naive,0.0011135351064388002
2,22,PGF-Net,S-Naive,-0.0288425625554096
2,23,PGF-Net,S-Naive,0.13026321147105513
2,24,PGF-Net,S-Naive,0.3656562826993964
3,1,PGF-Net,S-Naive,-0.8589273880608902
3,2,PGF-Net,S-Naive,-0.6680770927451298
3,3,PGF-Net,S-Naive,0.0424095030471734
3,4,PGF-Net,S-Naive,-0.7407526050326021
3,5,PGF-Net,S-Naive,-6.851635094480795
3,6,PGF-Net,S-Naive,-4.690916524416957
3,7,PGF-Net,S-Naive,-5.777002896475772
3,8,PGF-Net,S-Naive,-1.636522621394351
3,9,PGF-Net,S-Naive,-1.0321607936520538
3,10,PGF-Net,S-Naive,-1.0491483538022726
3,11,PGF-Net,S-Naive,-0.2231173930039907
3,12,PGF-Net,S-Naive,0.0033297947609138
3,13,PGF-Net,S-Naive,-0.4524660093982013
3,14,PGF-Net,S-Naive,0.0643754898950495
3,15,PGF-Net,S-Naive,-1.8926177931170018
3,16,PGF-Net,S-Naive,-1.3881385389615448
3,17,PGF-Net,S-Naive,0.337344252997919
3,18,PGF-Net,S-Naive,-0.013309464279227301
3,19,PGF-Net,S-Naive,0.4863998834602488
3,20,PGF-Net,S-Naive,0.5246871147919857
3,21,PGF-Net,S-Naive,0.0339680848735079
3,22,PGF-Net,S-Naive,-3.270577862106337
3,23,PGF-Net,S-Naive,-0.2907824175040124
3,24,PGF-Net,S-Naive,0.6800375480195963
4,1,PGF-Net,S-Naive,-0.9759513276294716
4,2,PGF-Net,S-Naive,0.9733692234555421
4,3,PGF-Net,S-Naive,-0.5560069445684233
4,4,PGF-Net,S-Naive,-0.1251067824367058
4,5,PGF-Net,S-Naive,-0.9088356116127667
4,6,PGF-Net,S-Naive,-0.49103375377170017
4,7,PGF-Net,S-Naive,0.2988776779735665
4,8,PGF-Net,S-Naive,0.1411789780021007
4,9,PGF-Net,S-Naive,0.073215398233476
4,10,PGF-Net,S-Naive,-0.1937094981102322
4,11,PGF-Net,S-Naive,0.0267598711696709
4,12,PGF-Net,S-Naive,0.011183554144292701
4,13,PGF-Net,S-Naive,-0.174282621711638
4,14,PGF-Net,S-Naive,-0.1101049796776894
4,15,PGF-Net,S-Naive,-1.3566846305969618
4,16,PGF-Net,S-Naive,-2.1045856421717644
4,17,PGF-Net,S-Naive,1.1583928584298921
4,18,PGF-Net,S-Naive,-0.44963372366738247
4,19,PGF-Net,S-Naive,-2.734314097492549
4,20,PGF-Net,S-Naive,-4.453814889619446
4,21,PGF-Net,S-Naive,-0.025825212271797703
4,22,PGF-Net,S-Naive,0.0776921912774717
4,23,PGF-Net,S-Naive,0.024257432293946
4,24,PGF-Net,S-Naive,0.15907873790140098
5,1,PGF-Net,S-Naive,-0.0029875431795685003
5,2,PGF-Net,S-Naive,-2.5540447056072386
5,3,PGF-Net,S-Naive,-2.395326718070843
5,4,PGF-Net,S-Naive,-1.0498321157168418
5,5,PGF-Net,S-Naive,-1.6595645074777572
5,6,PGF-Net,S-Naive,-0.020065871146225323
5,7,PGF-Net,S-Naive,0.2795246398165029
5,8,PGF-Net,S-Naive,-0.023359414879529597
5,9,PGF-Net,S-Naive,-0.6121895832280517
5,10,PGF-Net,S-Naive,0.001250123786343503
5,11,PGF-Net,S-Naive,-0.0245659085275229
5,12,PGF-Net,S-Naive,-0.0386994215229885
5,13,PGF-Net,S-Naive,-0.0267847021851981
5,14,PGF-Net,S-Naive,0.0152095580070169
5,15,PGF-Net,S-Naive,-1.0925271978375581
5,16,PGF-Net,S-Naive,0.0972325228646925
5,17,PGF-Net,S-Naive,-0.2755744102193079
5,18,PGF-Net,S-Naive,-0.8281927137481663
5,19,PGF-Net,S-Naive,-0.0676418449738218
5,20,PGF-Net,S-Naive,-1.1898486229433234
5,21,PGF-Net,S-Naive,-0.325234899885245
5,22,PGF-Net,S-Naive,-1.3615826007130718
5,23,PGF-Net,S-Naive,-0.3505817190511359
5,24,PGF-Net,S-Naive,-0.0007669580015620021
6,1,PGF-Net,S-Naive,0.2204945388221926
6,2,PGF-Net,S-Naive,-1.8535445323574238
6,3,PGF-Net,S-Naive,-1.8481247340836497
6,4,PGF-Net,S-Naive,-1.5464587044433613
6,5,PGF-Net,S-Naive,-0.7349917810343267
6,6,PGF-Net,S-Naive,0.7998502601847011
6,7,PGF-Net,S-Naive,1.8925696436193178
6,8,PGF-Net,S-Naive,3.58939375784069
6,9,PGF-Net,S-Naive,0.3203623420823295
6,10,PGF-Net,S-Naive,0.0915517037831287
6,11,PGF-Net,S-Naive,0.007770953652502802
6,12,PGF-Net,S-Naive,0.023044887496598502
6,13,PGF-Net,S-Naive,-0.0009944298473429005
6,14,PGF-Net,S-Naive,-0.1051863627871309
6,15,PGF-Net,S-Naive,-1.0490904450320513
6,16,PGF-Net,S-Naive,-0.9238846810797955
6,17,PGF-Net,S-Naive,0.1685225731507273
6,18,PGF-Net,S-Naive,-0.0948285398723399
6,19,PGF-Net,S-Naive,-1.2412592086732357
6,20,PGF-Net,S-Naive,1.3033463975672104
6,21,PGF-Net,S-Naive,-0.48016176552514134
6,22,PGF-Net,S-Naive,0.0334495996072198
6,23,PGF-Net,S-Naive,-0.04969084028587199
6,24,PGF-Net,S-Naive,2.401393479383307
7,1,PGF-Net,S-Naive,-1.4650193226699786
7,2,PGF-Net,S-Naive,-2.462630868596908
7,3,PGF-Net,S-Naive,-0.06591381306836519
7,4,PGF-Net,S-Naive,-0.9858884976207627
7,5,PGF-Net,S-Naive,-0.3886676729765753
7,6,PGF-Net,S-Naive,-1.1499407055142998
7,7,PGF-Net,S-Naive,-0.22658345225360058
7,8,PGF-Net,S-Naive,0.0060190158107910965
7,9,PGF-Net,S-Naive,0.19136410534058199
7,10,PGF-Net,S-Naive,0.002442471923380901
7,11,PGF-Net,S-Naive,-0.023163705553474898
7,12,PGF-Net,S-Naive,-0.16549634335293237
7,13,PGF-Net,S-Naive,0.09206083073384011
7,14,PGF-Net,S-Naive,-0.004308697355787899
7,15,PGF-Net,S-Naive,-0.8731016823845918
7,16,PGF-Net,S-Naive,-1.177357920254402
7,17,PGF-Net,S-Naive,-0.5506348379616741
7,18,PGF-Net,S-Naive,0.41889573492104937
7,19,PGF-Net,S-Naive,-1.0638100662959298
7,20,PGF-Net,S-Naive,-0.9952160948670556
7,21,PGF-Net,S-Naive,0.11712985934393072
7,22,PGF-Net,S-Naive,-0.9504755101811264
7,23,PGF-Net,S-Naive,-0.17601372006681004
7,24,PGF-Net,S-Naive,-0.634728618919989
8,1,PGF-Net,S-Naive,0.28585724399562873
8,2,PGF-Net,S-Naive,1.4438156319467952
8,3,PGF-Net,S-Naive,1.977896424767801
8,4,PGF-Net,S-Naive,0.4677744132128123
8,5,PGF-Net,S-Naive,-1.4672266012244508
8,6,PGF-Net,S-Naive,-1.4240102959012801
8,7,PGF-Net,S-Naive,-0.4579941063885049
8,8,PGF-Net,S-Naive,0.2042338705087257
8,9,PGF-Net,S-Naive,-0.045348368740231515
8,10,PGF-Net,S-Naive,0.15443506938286078
8,11,PGF-Net,S-Naive,0.046792980425327
8,12,PGF-Net,S-Naive,0.0563069114697079
8,13,PGF-Net,S-Naive,0.044751478499945
8,14,PGF-Net,S-Naive,0.1289572832204403
8,15,PGF-Net,S-Naive,0.6004464227367712
8,16,PGF-Net,S-Naive,-0.0164881340742076
8,17,PGF-Net,S-Naive,-0.3338306251709475
8,18,PGF-Net,S-Naive,0.0359134177136928
8,19,PGF-Net,S-Naive,0.07036217272050199
8,20,PGF-Net,S-Naive,-1.5271553464235341
8,21,PGF-Net,S-Naive,-0.017486468366449428
8,22,PGF-Net,S-Naive,-0.28487936112544276
8,23,PGF-Net,S-Naive,1.252648486516681
8,24,PGF-Net,S-Naive,-0.9942285481394924
9,1,PGF-Net,S-Naive,-0.7012743809774904
9,2,PGF-Net,S-Naive,-0.981281424119586
9,3,PGF-Net,S-Naive,0.6071328258969673
9,4,PGF-Net,S-Naive,0.8614830888146102
9,5,PGF-Net,S-Naive,0.11113578710699779
9,6,PGF-Net,S-Naive,-0.6177796640343441
9,7,PGF-Net,S-Naive,0.0894096807213101
9,8,PGF-Net,S-Naive,0.09602989302026231
9,9,PGF-Net,S-Naive,-0.0617376124660763
9,10,PGF-Net,S-Naive,-0.23749106484654048
9,11,PGF-Net,S-Naive,0.05225210873490245
9,12,PGF-Net,S-Naive,0.03433607596866745
9,13,PGF-Net,S-Naive,-0.2676061705913807
9,14,PGF-Net,S-Naive,0.0340592460812591
9,15,PGF-Net,S-Naive,0.165114079559732
9,16,PGF-Net,S-Naive,0.28070961109854975
9,17,PGF-Net,S-Naive,0.025703347799627796
9,18,PGF-Net,S-Naive,-0.6172702144984844
9,19,PGF-Net,S-Naive,0.02814040492859461
9,20,PGF-Net,S-Naive,-0.1544914031427382
9,21,PGF-Net,S-Naive,-0.0942693310506765
9,22,PGF-Net,S-Naive,-1.089538393022745
9,23,PGF-Net,S-Naive,-0.14014916272225342
9,24,PGF-Net,S-Naive,0.0057417624744891
10,1,PGF-Net,S-Naive,0.0033413611197312997
10,2,PGF-Net,S-Naive,-0.0356079766699233
10,3,PGF-Net,S-Naive,-0.1666706210599521
10,4,PGF-Net,S-Naive,-0.07604194360044181
10,5,PGF-Net,S-Naive,0.0016780712745193
10,6,PGF-Net,S-Naive,-0.9079309787396775
10,7,PGF-Net,S-Naive,-0.5418165981813952
10,8,PGF-Net,S-Naive,-0.38520821899701096
10,9,PGF-Net,S-Naive,0.1134093167431236
10,10,PGF-Net,S-Naive,1.680722397395188
10,11,PGF-Net,S-Naive,0.7337156577100975
10,12,PGF-Net,S-Naive,0.02548322151619531
10,13,PGF-Net,S-Naive,-0.07523156198505365
10,14,PGF-Net,S-Naive,0.20845877206113927
10,15,PGF-Net,S-Naive,0.9314693776714751
10,16,PGF-Net,S-Naive,-0.5728905854454759
10,17,PGF-Net,S-Naive,-0.41939062663554544
10,18,PGF-Net,S-Naive,-0.5166279210494391
10,19,PGF-Net,S-Naive,-0.07469874912697261
10,20,PGF-Net,S-Naive,0.512972120958685
10,21,PGF-Net,S-Naive,0.3622656447259124
10,22,PGF-Net,S-Naive,0.4248267941253517
10,23,PGF-Net,S-Naive,0.488713652621936
10,24,PGF-Net,S-Naive,0.166605729577756
11,1,PGF-Net,S-Naive,-0.10873880389537571
11,2,PGF-Net,S-Naive,0.4400505314007955
11,3,PGF-Net,S-Naive,-0.03669594242635571
11,4,PGF-Net,S-Naive,0.01340784880036
11,5,PGF-Net,S-Naive,1.0435937960779833
11,6,PGF-Net,S-Naive,-0.4751121939911332
11,7,PGF-Net,S-Naive,-0.7066089519888208
11,8,PGF-Net,S-Naive,-0.004711718436113302
11,9,PGF-Net,S-Naive,0.0078334046260531
11,10,PGF-Net,S-Naive,0.0058670384809506
11,11,PGF-Net,S-Naive,-0.5699017955821306
11,12,PGF-Net,S-Naive,-0.0015572711914266998
11,13,PGF-Net,S-Naive,-0.021107826132190848
11,14,PGF-Net,S-Naive,-0.08667005245681231
11,15,PGF-Net,S-Naive,0.5091591335773052
11,16,PGF-Net,S-Naive,0.1855163923067198
11,17,PGF-Net,S-Naive,-2.1778207935412084
11,18,PGF-Net,S-Naive,0.038547609995841
11,19,PGF-Net,S-Naive,-0.6245853191889452
11,20,PGF-Net,S-Naive,0.25248955395843264
11,21,PGF-Net,S-Naive,-0.4782363315646667
11,22,PGF-Net,S-Naive,-1.9303176102901523
11,23,PGF-Net,S-Naive,-0.14474805411387337
11,24,PGF-Net,S-Naive,0.08282125046455299
12,1,PGF-Net,S-Naive,0.2268161118575134
12,2,PGF-Net,S-Naive,0.3154497355720228
12,3,PGF-Net,S-Naive,0.3539340338881728
12,4,PGF-Net,S-Naive,-0.5292652283150824
12,5,PGF-Net,S-Naive,0.1747746607188023
12,6,PGF-Net,S-Naive,-0.135230289017856
12,7,PGF-Net,S-Naive,-0.105540257458177
12,8,PGF-Net,S-Naive,-0.1341849673907768
12,9,PGF-Net,S-Naive,-0.37820445599196106
12,10,PGF-Net,S-Naive,-0.447018556107678
12,11,PGF-Net,S-Naive,-0.0481423077550876
12,12,PGF-Net,S-Naive,-0.0004964472907376984
12,13,PGF-Net,S-Naive,0.013189423369884599
12,14,PGF-Net,S-Naive,0.0025028741364054997
12,15,PGF-Net,S-Naive,-0.5226606762247012
12,16,PGF-Net,S-Naive,0.1138222348852379
12,17,PGF-Net,S-Naive,-1.0458470842599772
12,18,PGF-Net,S-Naive,-1.192985545240548
12,19,PGF-Net,S-Naive,0.11877042677307689
12,20,PGF-Net,S-Naive,0.45864319457251396
12,21,PGF-Net,S-Naive,0.4551830448417833
12,22,PGF-Net,S-Naive,0.4434529613512109
12,23,PGF-Net,S-Naive,0.48139864700991536
12,24,PGF-Net,S-Naive,0.2215436184291576
13,1,PGF-Net,S-Naive,0.16706720481478318
13,2,PGF-Net,S-Naive,-0.1428762754331816
13,3,PGF-Net,S-Naive,-0.273714301353114
13,4,PGF-Net,S-Naive,-0.42706375944926495
13,5,PGF-Net,S-Naive,0.2454870277710648
13,6,PGF-Net,S-Naive,-0.0178287941090767
13,7,PGF-Net,S-Naive,0.051488120605920895
13,8,PGF-Net,S-Naive,0.1521072753638108
13,9,PGF-Net,S-Naive,0.07252246747596541
13,10,PGF-Net,S-Naive,-0.0066535122079749
13,11,PGF-Net,S-Naive,0.0290768872764113
13,12,PGF-Net,S-Naive,-0.0002137358954170404
13,13,PGF-Net,S-Naive,0.0057393385361004
13,14,PGF-Net,S-Naive,0.0009307482186144966
13,15,PGF-Net,S-Naive,-0.01187270742360162
13,16,PGF-Net,S-Naive,0.16130780314241738
13,17,PGF-Net,S-Naive,0.1377677425778845
13,18,PGF-Net,S-Naive,-0.53237575286572
13,19,PGF-Net,S-Naive,-0.7997645975269653
13,20,PGF-Net,S-Naive,-0.44078023567964547
13,21,PGF-Net,S-Naive,-0.003306584744159526
13,22,PGF-Net,S-Naive,0.3043682464965557
13,23,PGF-Net,S-Naive,0.3339182327786139
13,24,PGF-Net,S-Naive,0.200140827985624
14,1,PGF-Net,S-Naive,-0.0736740828011044
14,2,PGF-Net,S-Naive,0.2197237076035569
14,3,PGF-Net,S-Naive,0.1815024785241035
14,4,PGF-Net,S-Naive,0.6772178459901669
14,5,PGF-Net,S-Naive,0.7321002129605082
14,6,PGF-Net,S-Naive,0.3041904797651772
14,7,PGF-Net,S-Naive,0.046642891898605
14,8,PGF-Net,S-Naive,0.03127833804874122
14,9,PGF-Net,S-Naive,0.0284301375700537
14,10,PGF-Net,S-Naive,0.018920199001865
14,11,PGF-Net,S-Naive,0.0414954157359772
14,12,PGF-Net,S-Naive,0.1254181360351051
14,13,PGF-Net,S-Naive,0.19881568074416062
14,14,PGF-Net,S-Naive,0.00920746929544249
14,15,PGF-Net,S-Naive,0.3809030034612776
14,16,PGF-Net,S-Naive,0.2307343979658537
14,17,PGF-Net,S-Naive,0.1266585313180522
14,18,PGF-Net,S-Naive,0.0501228699201146
14,19,PGF-Net,S-Naive,0.0473228225245387
14,20,PGF-Net,S-Naive,0.4665496260164639
14,21,PGF-Net,S-Naive,0.32247136588347075
14,22,PGF-Net,S-Naive,0.4687741116869634
14,23,PGF-Net,S-Naive,0.44829328153963693
14,24,PGF-Net,S-Naive,0.016211212223094
15,1,PGF-Net,S-Naive,0.03061989411678369
15,2,PGF-Net,S-Naive,0.1006625475323175
15,3,PGF-Net,S-Naive,0.2567434728282323
15,4,PGF-Net,S-Naive,0.6243389813723764
15,5,PGF-Net,S-Naive,0.5127702145077264
15,6,PGF-Net,S-Naive,0.30980255494503145
15,7,PGF-Net,S-Naive,0.0551237541846404
15,8,PGF-Net,S-Naive,0.0615981676253407
15,9,PGF-Net,S-Naive,0.051812878511918396
15,10,PGF-Net,S-Naive,0.5608293500851662
15,11,PGF-Net,S-Naive,-0.1032419064874959
15,12,PGF-Net,S-Naive,0.0021774537021808
15,13,PGF-Net,S-Naive,0.045287373042386905
15,14,PGF-Net,S-Naive,0.0151586828719164
15,15,PGF-Net,S-Naive,0.1767022255169898
15,16,PGF-Net,S-Naive,0.1859149190114378
15,17,PGF-Net,S-Naive,0.1718526141883596
15,18,PGF-Net,S-Naive,0.0914389672467206
15,19,PGF-Net,S-Naive,0.198282365459383
15,20,PGF-Net,S-Naive,0.6852184921563597
15,21,PGF-Net,S-Naive,0.2545062372116082
15,22,PGF-Net,S-Naive,-0.022421759314165998
15,23,PGF-Net,S-Naive,0.39948956697605065
15,24,PGF-Net,S-Naive,0.35207164179514366
16,1,PGF-Net,S-Naive,0.094042481609339
16,2,PGF-Net,S-Naive,0.1751814070083396
16,3,PGF-Net,S-Naive,0.22499527298206032
16,4,PGF-Net,S-Naive,0.5016428639550019
16,5,PGF-Net,S-Naive,0.5364964771369043
16,6,PGF-Net,S-Naive,0.2741473162485012
16,7,PGF-Net,S-Naive,-0.20907156969726678
16,8,PGF-Net,S-Naive,-0.4640079813831971
16,9,PGF-Net,S-Naive,-0.011441724088854747
16,10,PGF-Net,S-Naive,0.049098233542690696
16,11,PGF-Net,S-Naive,0.0239135090510819
16,12,PGF-Net,S-Naive,-0.0012362301458531382
16,13,PGF-Net,S-Naive,0.0094342621818894
16,14,PGF-Net,S-Naive,0.001701693906153
16,15,PGF-Net,S-Naive,0.2581762802552191
16,16,PGF-Net,S-Naive,0.1969635092653525
16,17,PGF-Net,S-Naive,0.068063240449674
16,18,PGF-Net,S-Naive,0.0204295644369918
16,19,PGF-Net,S-Naive,0.16653187889752277
16,20,PGF-Net,S-Naive,0.0842970969051349
16,21,PGF-Net,S-Naive,0.17822637922920437
16,22,PGF-Net,S-Naive,-0.4806690393890027
16,23,PGF-Net,S-Naive,0.0869771025055934
16,24,PGF-Net,S-Naive,-1.4036605527655188
17,1,PGF-Net,S-Naive,0.0001151311915171
17,2,PGF-Net,S-Naive,1.1388494352803796e-05
17,3,PGF-Net,S-Naive,0.0679347822145211
17,4,PGF-Net,S-Naive,0.1762652165291436
17,5,PGF-Net,S-Naive,0.1418087340726471
17,6,PGF-Net,S-Naive,0.0254882301742164
17,7,PGF-Net,S-Naive,1.5698323546576058e-05
17,8,PGF-Net,S-Naive,0.0299628200594895
17,9,PGF-Net,S-Naive,0.1228554144152747
17,10,PGF-Net,S-Naive,0.1303372173013687
17,11,PGF-Net,S-Naive,0.2349476520756117
17,12,PGF-Net,S-Naive,0.3501045944188843
17,13,PGF-Net,S-Naive,0.1428593598441967
17,14,PGF-Net,S-Naive,0.2086861458400051
17,15,PGF-Net,S-Naive,0.0058506374897844
17,16,PGF-Net,S-Naive,0.0012636252064518
17,17,PGF-Net,S-Naive,0.0025673176650162
17,18,PGF-Net,S-Naive,0.0009052193563363
17,19,PGF-Net,S-Naive,0.0053528799850698
17,20,PGF-Net,S-Naive,0.0841842889732431
17,21,PGF-Net,S-Naive,0.0890672109182212
17,22,PGF-Net,S-Naive,0.0675589086435054
17,23,PGF-Net,S-Naive,0.0418651551744358
17,24,PGF-Net,S-Naive,0.0031697876340373
18,1,PGF-Net,S-Naive,0.0446430757039802
18,2,PGF-Net,S-Naive,-1.4748783692690928
18,3,PGF-Net,S-Naive,-2.0606554222283497
18,4,PGF-Net,S-Naive,0.38519650338396483
18,5,PGF-Net,S-Naive,-0.40976499372645003
18,6,PGF-Net,S-Naive,1.0900345585486422
18,7,PGF-Net,S-Naive,0.9116361066507107
18,8,PGF-Net,S-Naive,0.0390729402303165
18,9,PGF-Net,S-Naive,0.24979143142704588
18,10,PGF-Net,S-Naive,0.1878599140304502
18,11,PGF-Net,S-Naive,0.08650098696799931
18,12,PGF-Net,S-Naive,0.07799645030216179
18,13,PGF-Net,S-Naive,0.2641602409206269
18,14,PGF-Net,S-Naive,0.2148981627671573
18,15,PGF-Net,S-Naive,1.065539104817769
18,16,PGF-Net,S-Naive,0.7292035241840497
18,17,PGF-Net,S-Naive,0.6743164512332471
18,18,PGF-Net,S-Naive,0.4696936892591998
18,19,PGF-Net,S-Naive,-0.007851720179126342
18,20,PGF-Net,S-Naive,0.854369458027206
18,21,PGF-Net,S-Naive,0.23305991021906083
18,22,PGF-Net,S-Naive,-0.2441357036303893
18,23,PGF-Net,S-Naive,-0.2969185110998095
18,24,PGF-Net,S-Naive,-1.5546958755713731
19,1,PGF-Net,S-Naive,0.4215567799057317
19,2,PGF-Net,S-Naive,-1.521714514638863
19,3,PGF-Net,S-Naive,-1.1082035555644136
19,4,PGF-Net,S-Naive,0.12428274777424861
19,5,PGF-Net,S-Naive,-0.13407383493789582
19,6,PGF-Net,S-Naive,0.26078874168276855
19,7,PGF-Net,S-Naive,0.04520715920242466
19,8,PGF-Net,S-Naive,0.14737672004270688
19,9,PGF-Net,S-Naive,0.016752178263458404
19,10,PGF-Net,S-Naive,-0.06175289622635159
19,11,PGF-Net,S-Naive,0.02260580024893
19,12,PGF-Net,S-Naive,-0.5482680507005058
19,13,PGF-Net,S-Naive,0.0065067119697402
19,14,PGF-Net,S-Naive,0.0033019756528379074
19,15,PGF-Net,S-Naive,-1.9190533039628086
19,16,PGF-Net,S-Naive,0.05140768419641491
19,17,PGF-Net,S-Naive,0.379384351880404
19,18,PGF-Net,S-Naive,-0.1134309029400484
19,19,PGF-Net,S-Naive,0.052433392211354596
19,20,PGF-Net,S-Naive,0.28307705848940956
19,21,PGF-Net,S-Naive,0.3833629559108582
19,22,PGF-Net,S-Naive,-0.8180493006769453
19,23,PGF-Net,S-Naive,0.5126965582009673
19,24,PGF-Net,S-Naive,-0.047013865744471306
20,1,PGF-Net,S-Naive,-0.0010810063451794985
20,2,PGF-Net,S-Naive,-1.8632673211184572
20,3,PGF-Net,S-Naive,-1.0225201179337122
20,4,PGF-Net,S-Naive,-1.5495924288356155
20,5,PGF-Net,S-Naive,-0.004936935662225202
20,6,PGF-Net,S-Naive,0.16348965245619682
20,7,PGF-Net,S-Naive,0.700587942849833
20,8,PGF-Net,S-Naive,0.35352257413363963
20,9,PGF-Net,S-Naive,-0.443645044704269
20,10,PGF-Net,S-Naive,-0.6963267784023253
20,11,PGF-Net,S-Naive,-0.9556400009103418
20,12,PGF-Net,S-Naive,-0.15689689548528407
20,13,PGF-Net,S-Naive,0.023596609379902253
20,14,PGF-Net,S-Naive,-0.15344344960089432
20,15,PGF-Net,S-Naive,-1.2892286539613096
20,16,PGF-Net,S-Naive,-0.7043117063971323
20,17,PGF-Net,S-Naive,0.11989472035235663
20,18,PGF-Net,S-Naive,-0.4820826604284133
20,19,PGF-Net,S-Naive,-0.07065872518938769
20,20,PGF-Net,S-Naive,-0.0013856800377471997
20,21,PGF-Net,S-Naive,0.6214071566123412
20,22,PGF-Net,S-Naive,0.12365028591307752
20,23,PGF-Net,S-Naive,-0.2307674233063759
20,24,PGF-Net,S-Naive,-0.30251150441444535
21,1,PGF-Net,S-Naive,0.08035352684729781
21,2,PGF-Net,S-Naive,-1.3385452784316112
21,3,PGF-Net,S-Naive,-1.9573233184751613
21,4,PGF-Net,S-Naive,-1.2068075884361962
21,5,PGF-Net,S-Naive,-0.9950561708279015
21,6,PGF-Net,S-Naive,-0.9346064604973023
21,7,PGF-Net,S-Naive,0.0846188784268147
21,8,PGF-Net,S-Naive,0.11674763275978452
21,9,PGF-Net,S-Naive,0.0086733423615824
21,10,PGF-Net,S-Naive,-0.12647711356545982
21,11,PGF-Net,S-Naive,-0.016902598860887602
21,12,PGF-Net,S-Naive,0.008903445883879101
21,13,PGF-Net,S-Naive,0.0553000716085808
21,14,PGF-Net,S-Naive,-0.10642601141883862
21,15,PGF-Net,S-Naive,-1.4470900989335695
21,16,PGF-Net,S-Naive,-0.1853682966972326
21,17,PGF-Net,S-Naive,0.0038439783135197883
21,18,PGF-Net,S-Naive,0.100064013516674
21,19,PGF-Net,S-Naive,0.5127980939206369
21,20,PGF-Net,S-Naive,1.1415550413515339
21,21,PGF-Net,S-Naive,0.5096302009806309
21,22,PGF-Net,S-Naive,0.3693922169617705
21,23,PGF-Net,S-Naive,0.5427973786578772
21,24,PGF-Net,S-Naive,0.013255952255822767
22,1,PGF-Net,S-Naive,0.0177292305960825
22,2,PGF-Net,S-Naive,-0.0010531155512134571
22,3,PGF-Net,S-Naive,-2.943130691168115
22,4,PGF-Net,S-Naive,-2.8713608251764215
22,5,PGF-Net,S-Naive,-0.8771360463913158
22,6,PGF-Net,S-Naive,-0.17690309937888582
22,7,PGF-Net,S-Naive,0.1867551773294594
22,8,PGF-Net,S-Naive,0.2668900789404119
22,9,PGF-Net,S-Naive,-0.32153336976975094
22,10,PGF-Net,S-Naive,0.14144383686449002
22,11,PGF-Net,S-Naive,0.0822524089838183
22,12,PGF-Net,S-Naive,0.0210782496069586
22,13,PGF-Net,S-Naive,0.0780971989915003
22,14,PGF-Net,S-Naive,0.0340819006948334
22,15,PGF-Net,S-Naive,0.3644034369861328
22,16,PGF-Net,S-Naive,0.4188188341641459
22,17,PGF-Net,S-Naive,0.3414126672460847
22,18,PGF-Net,S-Naive,0.2983653439174095
22,19,PGF-Net,S-Naive,0.304907153623366
22,20,PGF-Net,S-Naive,0.7801244515075467
22,21,PGF-Net,S-Naive,0.7165009631324724
22,22,PGF-Net,S-Naive,1.1246489258450418
22,23,PGF-Net,S-Naive,0.989705727569912
22,24,PGF-Net,S-Naive,0.4367932171684373
23,1,PGF-Net,S-Naive,-1.4358148391419605
23,2,PGF-Net,S-Naive,0.9723183239504242
23,3,PGF-Net,S-Naive,0.2150325414396993
23,4,PGF-Net,S-Naive,-6.5866872075785885
23,5,PGF-Net,S-Naive,0.7781907755184343
23,6,PGF-Net,S-Naive,-1.1583591859136062
23,7,PGF-Net,S-Naive,-0.3737989396506578
23,8,PGF-Net,S-Naive,0.34115444952172425
23,9,PGF-Net,S-Naive,-0.1497712759951958
23,10,PGF-Net,S-Naive,0.1073414574412612
23,11,PGF-Net,S-Naive,-0.24780929733573723
23,12,PGF-Net,S-Naive,0.0570003272177862
23,13,PGF-Net,S-Naive,0.031241352873235203
23,14,PGF-Net,S-Naive,-0.18995491148316201
23,15,PGF-Net,S-Naive,-2.0353543076786904
23,16,PGF-Net,S-Naive,-0.4900710560037569
23,17,PGF-Net,S-Naive,-1.7827054198188628
23,18,PGF-Net,S-Naive,-2.5568285841415443
23,19,PGF-Net,S-Naive,-2.1548926686991186
23,20,PGF-Net,S-Naive,0.28302202469159254
23,21,PGF-Net,S-Naive,0.7248365584023307
23,22,PGF-Net,S-Naive,0.15285183526173982
23,23,PGF-Net,S-Naive,-0.768513404673577
23,24,PGF-Net,S-Naive,-0.8836482796689404
24,1,PGF-Net,S-Naive,0.27382947580811057
24,2,PGF-Net,S-Naive,-0.1019833748258119
24,3,PGF-Net,S-Naive,-0.0938540234566996
24,4,PGF-Net,S-Naive,-0.5165693780827456
24,5,PGF-Net,S-Naive,-0.2564204374860315
24,6,PGF-Net,S-Naive,-0.4891760666102206
24,7,PGF-Net,S-Naive,0.2078510330739491
24,8,PGF-Net,S-Naive,-0.1284029511606328
24,9,PGF-Net,S-Naive,0.05075993575794252
24,10,PGF-Net,S-Naive,0.0247834532267499
24,11,PGF-Net,S-Naive,0.035319418731889804
24,12,PGF-Net,S-Naive,-0.0592431168720412
24,13,PGF-Net,S-Naive,0.0545521004188012
24,14,PGF-Net,S-Naive,-0.20654466406642102
24,15,PGF-Net,S-Naive,-2.1606106096024904
24,16,PGF-Net,S-Naive,-0.4030814484826642
24,17,PGF-Net,S-Naive,0.014387917246665292
24,18,PGF-Net,S-Naive,0.07484484483940029
24,19,PGF-Net,S-Naive,-2.066980894375603
24,20,PGF-Net,S-Naive,-2.6312640241219416
24,21,PGF-Net,S-Naive,-0.014921571584839482
24,22,PGF-Net,S-Naive,0.1780852213152114
24,23,PGF-Net,S-Naive,-0.5261097977651563
24,24,PGF-Net,S-Naive,-0.8073870222427211
25,1,PGF-Net,S-Naive,0.13473729929793532
25,2,PGF-Net,S-Naive,-0.64519133880094
25,3,PGF-Net,S-Naive,-0.01445063387885881
25,4,PGF-Net,S-Naive,1.1097180302551317
25,5,PGF-Net,S-Naive,2.341671227625486
25,6,PGF-Net,S-Naive,1.3786398687778818
25,7,PGF-Net,S-Naive,0.9228771385639575
25,8,PGF-Net,S-Naive,0.6326384194469545
25,9,PGF-Net,S-Naive,0.3352873204984873
25,10,PGF-Net,S-Naive,0.1174803132765661
25,11,PGF-Net,S-Naive,0.0249171691475121
25,12,PGF-Net,S-Naive,0.0047539715554780005
25,13,PGF-Net,S-Naive,0.0185875765298631
25,14,PGF-Net,S-Naive,0.1143498028814958
25,15,PGF-Net,S-Naive,-2.684600857715098
25,16,PGF-Net,S-Naive,-2.0279081270313397
25,17,PGF-Net,S-Naive,0.5149154423671407
25,18,PGF-Net,S-Naive,-1.049646338034143
25,19,PGF-Net,S-Naive,0.24105548874597504
25,20,PGF-Net,S-Naive,1.3653186606107615
25,21,PGF-Net,S-Naive,1.585726571060534
25,22,PGF-Net,S-Naive,1.1527757425224652
25,23,PGF-Net,S-Naive,0.8588342395621641
25,24,PGF-Net,S-Naive,-0.7380890897661213
26,1,PGF-Net,S-Naive,-7.302723421777874
26,2,PGF-Net,S-Naive,-3.25358226645878
26,3,PGF-Net,S-Naive,0.9350546655944713
26,4,PGF-Net,S-Naive,0.8486689679892093
26,5,PGF-Net,S-Naive,-0.42932246740155366
26,6,PGF-Net,S-Naive,0.886723466717245
26,7,PGF-Net,S-Naive,-3.1447648435093427
26,8,PGF-Net,S-Naive,0.01794002449188581
26,9,PGF-Net,S-Naive,-1.2111327703888073
26,10,PGF-Net,S-Naive,-1.4192071709010592
26,11,PGF-Net,S-Naive,-0.8983214022369982
26,12,PGF-Net,S-Naive,-0.20258381989044688
26,13,PGF-Net,S-Naive,0.0728549190684254
26,14,PGF-Net,S-Naive,0.010572404148873907
26,15,PGF-Net,S-Naive,-3.2214276303731166
26,16,PGF-Net,S-Naive,-0.5450566636742784
26,17,PGF-Net,S-Naive,-0.0344406216452638
26,18,PGF-Net,S-Naive,-1.3354601886705015
26,19,PGF-Net,S-Naive,-0.5803745830572372
26,20,PGF-Net,S-Naive,0.4500601500329392
26,21,PGF-Net,S-Naive,0.1966530227039054
26,22,PGF-Net,S-Naive,2.3598130441180176
26,23,PGF-Net,S-Naive,-0.5575872172516932
26,24,PGF-Net,S-Naive,-1.120583338742127
27,1,PGF-Net,S-Naive,-0.81659711378623
27,2,PGF-Net,S-Naive,-0.5968196204871812
27,3,PGF-Net,S-Naive,-1.0555530503817678
27,4,PGF-Net,S-Naive,-1.057661515485922
27,5,PGF-Net,S-Naive,-0.2147215189894609
27,6,PGF-Net,S-Naive,-1.3517286022470167
27,7,PGF-Net,S-Naive,0.764204111883072
27,8,PGF-Net,S-Naive,0.9385811014325088
27,9,PGF-Net,S-Naive,0.6889723890172845
27,10,PGF-Net,S-Naive,0.3369074987834103
27,11,PGF-Net,S-Naive,-0.13689404261345217
27,12,PGF-Net,S-Naive,-0.3993101645736584
27,13,PGF-Net,S-Naive,-1.497116154903054
27,14,PGF-Net,S-Naive,-0.6294276980733855
27,15,PGF-Net,S-Naive,0.4934549674760837
27,16,PGF-Net,S-Naive,0.49413420299181043
27,17,PGF-Net,S-Naive,0.41327206908370395
27,18,PGF-Net,S-Naive,0.2660515396841729
27,19,PGF-Net,S-Naive,-7.130846005839103
27,20,PGF-Net,S-Naive,0.9172703215922406
27,21,PGF-Net,S-Naive,0.023342197702216298
27,22,PGF-Net,S-Naive,-0.036632567320158
27,23,PGF-Net,S-Naive,-0.11265452751362703
27,24,PGF-Net,S-Naive,-1.0351537307798795
28,1,PGF-Net,S-Naive,-0.5891470063401137
28,2,PGF-Net,S-Naive,-0.8848591777145788
28,3,PGF-Net,S-Naive,0.11713500533462119
28,4,PGF-Net,S-Naive,0.3421491011444433
28,5,PGF-Net,S-Naive,0.9687443471276805
28,6,PGF-Net,S-Naive,0.796381897168673
28,7,PGF-Net,S-Naive,1.1020314927595904
28,8,PGF-Net,S-Naive,0.6885226311994069
28,9,PGF-Net,S-Naive,0.5992867729387564
28,10,PGF-Net,S-Naive,-0.009303666693190382
28,11,PGF-Net,S-Naive,0.0338338485450003
28,12,PGF-Net,S-Naive,-0.003705836749025901
28,13,PGF-Net,S-Naive,0.0920045722156998
28,14,PGF-Net,S-Naive,0.04781347237984569
28,15,PGF-Net,S-Naive,-2.4487234135606286
28,16,PGF-Net,S-Naive,-1.9185277939617695
28,17,PGF-Net,S-Naive,0.038845829755679004
28,18,PGF-Net,S-Naive,-0.250666279774464
28,19,PGF-Net,S-Naive,0.011081994959119212
28,20,PGF-Net,S-Naive,-0.0334981274657083
28,21,PGF-Net,S-Naive,0.2641643252031403
28,22,PGF-Net,S-Naive,-0.6641548415549723
28,23,PGF-Net,S-Naive,-0.013964668918974799
28,24,PGF-Net,S-Naive,-0.1350512484276792
29,1,PGF-Net,S-Naive,-0.0791953793767441
29,2,PGF-Net,S-Naive,0.628539249730862
29,3,PGF-Net,S-Naive,0.4014266494251997
29,4,PGF-Net,S-Naive,1.3676300572218574
29,5,PGF-Net,S-Naive,0.7000416732075152
29,6,PGF-Net,S-Naive,-1.5459873680108813
29,7,PGF-Net,S-Naive,-1.1783633165069312
29,8,PGF-Net,S-Naive,-1.165471653206315
29,9,PGF-Net,S-Naive,-0.39486378763171326
29,10,PGF-Net,S-Naive,-0.4580130125928514
29,11,PGF-Net,S-Naive,-0.082564356369562
29,12,PGF-Net,S-Naive,0.1457310957616899
29,13,PGF-Net,S-Naive,0.053143110690486724
29,14,PGF-Net,S-Naive,0.0733772458517952
29,15,PGF-Net,S-Naive,-2.1477383150663103
29,16,PGF-Net,S-Naive,-0.35982469076375523
29,17,PGF-Net,S-Naive,-0.13863989205943958
29,18,PGF-Net,S-Naive,-0.36256093321919824
29,19,PGF-Net,S-Naive,0.43518200104838023
29,20,PGF-Net,S-Naive,0.1779277943715429
29,21,PGF-Net,S-Naive,-0.33172899763746116
29,22,PGF-Net,S-Naive,-0.18414876188413612
29,23,PGF-Net,S-Naive,1.1258976594151675
29,24,PGF-Net,S-Naive,1.1079017654243815
